language,count
English,25211
Russian,6455
Chinese,4310
Vietnamese,3103
German,1402
Japanese,1159
unknown,1128
Korean,1041
Spanish,790
French,640
Portuguese,558
Persian,366
Italian,269
Turkish,212
Czech,165
Arabic,163
Polish,158
Ukrainian,153
Dutch,123
Hungarian,109
Indonesian,66
Slovak,54
Swedish,54
Danish,53
Finnish,50
Serbian,49
Bulgarian,36
Hebrew,33
Thai,32
Romanian,26
Latin,26
Galician,22
Norwegian,17
Catalan,16
Greek,16
Lithuanian,14
Croatian,13
Sanskrit,12
Estonian,11
Scots,10
Basque,10
Malay,9
Yoruba,9
Tagalog,9
Macedonian,9
Corsican,9
Uzbek,9
Xhosa,8
Afrikaans,7
Norwegian Nynorsk,7
Esperanto,7
Armenian,7
Tamil,7
Bosnian,6
Hindi,6
Amharic,6
Bislama,6
Kinyarwanda,6
Slovenian,5
Tatar,5
Interlingua,5
Interlingue,5
Welsh,5
Irish,5
Manx,5
Javanese,4
Occitan,4
Icelandic,4
Romansh,4
Bangla,4
Belarusian,4
Malagasy,4
Kazakh,4
Khasi,4
xx,4
Nauru,4
Faroese,4
Wolof,4
Ganda,3
Oromo,3
Nyanja,3
Breton,3
Albanian,3
Tsonga,3
Southern Sotho,3
Mongolian,3
Latvian,3
Tongan,3
Kyrgyz,3
Turkmen,3
Volapük,2
Hmong,2
Kalaallisut,2
Swahili,2
Pashto,2
Azerbaijani,2
Quechua,2
Samoan,2
zzp,2
Tibetan,2
Tswana,2
Inuktitut,2
Luxembourgish,2
Sundanese,2
Swati,2
Haitian Creole,2
Waray,1
Yiddish,1
Zhuang,1
Abkhazian,1
Dzongkha,1
Bashkir,1
Afar,1
Khmer,1
Shona,1
Assamese,1
Aymara,1
Rundi,1
Akan,1
Scottish Gaelic,1
Lingala,1
Hausa,1
Guarani,1
Klingon,1
Kurdish,1
Hawaiian,1
Telugu,1
Sindhi,1
